{"cameraMode":{"drawMode":0,"name":"Shaded","section":"Shading Mode"},"sceneLighting":true,"audioPlay":false,"sceneViewState":{"m_AlwaysRefresh":false,"showFog":true,"showSkybox":true,"showFlares":true,"showImageEffects":true,"showParticleSystems":true,"showVisualEffectGraphs":true,"m_FxEnabled":true},"in2DMode":false,"pivot":{"x":1.0204343795776368,"y":0.6781932711601257,"z":-0.7198762893676758},"rotation":{"x":-0.12308350205421448,"y":-0.23981572687625886,"z":-0.030665026977658273,"w":0.9624783992767334},"size":2.1073949337005617,"orthographic":false}